<?xml version="1.0" encoding="UTF-8"?><process version="10.1.002">
  <context>
    <input/>
    <output/>
    <macros/>
  </context>
  <operator activated="true" class="process" compatibility="10.1.002" expanded="true" name="Process">
    <parameter key="logverbosity" value="init"/>
    <parameter key="random_seed" value="2001"/>
    <parameter key="send_mail" value="never"/>
    <parameter key="notification_email" value=""/>
    <parameter key="process_duration_for_mail" value="30"/>
    <parameter key="encoding" value="SYSTEM"/>
    <process expanded="true">
      <operator activated="true" class="retrieve" compatibility="10.1.002" expanded="true" height="68" name="Retrieve news_clickbait" width="90" x="45" y="34">
        <parameter key="repository_entry" value="//Local Repository/data/news_clickbait"/>
      </operator>
      <operator activated="true" class="nominal_to_text" compatibility="10.1.002" expanded="true" height="82" name="Nominal to Text" width="90" x="246" y="34">
        <parameter key="attribute_filter_type" value="single"/>
        <parameter key="attribute" value="headline"/>
        <parameter key="attributes" value=""/>
        <parameter key="use_except_expression" value="false"/>
        <parameter key="value_type" value="nominal"/>
        <parameter key="use_value_type_exception" value="false"/>
        <parameter key="except_value_type" value="file_path"/>
        <parameter key="block_type" value="single_value"/>
        <parameter key="use_block_type_exception" value="false"/>
        <parameter key="except_block_type" value="single_value"/>
        <parameter key="invert_selection" value="false"/>
        <parameter key="include_special_attributes" value="false"/>
      </operator>
      <operator activated="true" class="text:process_document_from_data" compatibility="10.0.000" expanded="true" height="82" name="Process Documents from Data" width="90" x="447" y="34">
        <parameter key="create_word_vector" value="true"/>
        <parameter key="vector_creation" value="TF-IDF"/>
        <parameter key="add_meta_information" value="true"/>
        <parameter key="keep_text" value="false"/>
        <parameter key="prune_method" value="none"/>
        <parameter key="prune_below_percent" value="3.0"/>
        <parameter key="prune_above_percent" value="30.0"/>
        <parameter key="prune_below_rank" value="0.05"/>
        <parameter key="prune_above_rank" value="0.95"/>
        <parameter key="datamanagement" value="double_sparse_array"/>
        <parameter key="data_management" value="auto"/>
        <parameter key="select_attributes_and_weights" value="false"/>
        <list key="specify_weights"/>
        <process expanded="true">
          <operator activated="true" class="text:tokenize" compatibility="10.0.000" expanded="true" height="68" name="Tokenize" width="90" x="112" y="34">
            <parameter key="mode" value="non letters"/>
            <parameter key="characters" value=".:"/>
            <parameter key="language" value="English"/>
            <parameter key="max_token_length" value="3"/>
          </operator>
          <operator activated="true" class="text:transform_cases" compatibility="10.0.000" expanded="true" height="68" name="Transform Cases" width="90" x="246" y="34">
            <parameter key="transform_to" value="lower case"/>
          </operator>
          <operator activated="true" class="text:filter_stopwords_english" compatibility="10.0.000" expanded="true" height="68" name="Filter Stopwords (English)" width="90" x="380" y="34"/>
          <operator activated="true" class="text:stem_porter" compatibility="10.0.000" expanded="true" height="68" name="Stem (Porter)" width="90" x="581" y="34"/>
          <connect from_port="document" to_op="Tokenize" to_port="document"/>
          <connect from_op="Tokenize" from_port="document" to_op="Transform Cases" to_port="document"/>
          <connect from_op="Transform Cases" from_port="document" to_op="Filter Stopwords (English)" to_port="document"/>
          <connect from_op="Filter Stopwords (English)" from_port="document" to_op="Stem (Porter)" to_port="document"/>
          <connect from_op="Stem (Porter)" from_port="document" to_port="document 1"/>
          <portSpacing port="source_document" spacing="0"/>
          <portSpacing port="sink_document 1" spacing="0"/>
          <portSpacing port="sink_document 2" spacing="0"/>
        </process>
      </operator>
      <operator activated="true" class="split_validation" compatibility="10.1.002" expanded="true" height="124" name="Validation" width="90" x="648" y="34">
        <parameter key="create_complete_model" value="false"/>
        <parameter key="split" value="relative"/>
        <parameter key="split_ratio" value="0.7"/>
        <parameter key="training_set_size" value="100"/>
        <parameter key="test_set_size" value="-1"/>
        <parameter key="sampling_type" value="automatic"/>
        <parameter key="use_local_random_seed" value="false"/>
        <parameter key="local_random_seed" value="1992"/>
        <process expanded="true">
          <operator activated="true" class="concurrency:parallel_decision_tree" compatibility="10.1.002" expanded="true" height="103" name="Decision Tree" width="90" x="112" y="34">
            <parameter key="criterion" value="gain_ratio"/>
            <parameter key="maximal_depth" value="10"/>
            <parameter key="apply_pruning" value="true"/>
            <parameter key="confidence" value="0.1"/>
            <parameter key="apply_prepruning" value="true"/>
            <parameter key="minimal_gain" value="0.01"/>
            <parameter key="minimal_leaf_size" value="2"/>
            <parameter key="minimal_size_for_split" value="4"/>
            <parameter key="number_of_prepruning_alternatives" value="3"/>
          </operator>
          <connect from_port="training" to_op="Decision Tree" to_port="training set"/>
          <connect from_op="Decision Tree" from_port="model" to_port="model"/>
          <portSpacing port="source_training" spacing="0"/>
          <portSpacing port="sink_model" spacing="0"/>
          <portSpacing port="sink_through 1" spacing="0"/>
        </process>
        <process expanded="true">
          <operator activated="true" class="apply_model" compatibility="10.1.002" expanded="true" height="82" name="Apply Model" width="90" x="112" y="34">
            <list key="application_parameters"/>
          </operator>
          <operator activated="true" class="performance" compatibility="10.1.002" expanded="true" height="82" name="Performance" width="90" x="246" y="34">
            <parameter key="use_example_weights" value="true"/>
          </operator>
          <connect from_port="model" to_op="Apply Model" to_port="model"/>
          <connect from_port="test set" to_op="Apply Model" to_port="unlabelled data"/>
          <connect from_op="Apply Model" from_port="labelled data" to_op="Performance" to_port="labelled data"/>
          <connect from_op="Performance" from_port="performance" to_port="averagable 1"/>
          <portSpacing port="source_model" spacing="0"/>
          <portSpacing port="source_test set" spacing="0"/>
          <portSpacing port="source_through 1" spacing="0"/>
          <portSpacing port="sink_averagable 1" spacing="0"/>
          <portSpacing port="sink_averagable 2" spacing="0"/>
        </process>
      </operator>
      <connect from_op="Retrieve news_clickbait" from_port="output" to_op="Nominal to Text" to_port="example set input"/>
      <connect from_op="Nominal to Text" from_port="example set output" to_op="Process Documents from Data" to_port="example set"/>
      <connect from_op="Process Documents from Data" from_port="example set" to_op="Validation" to_port="training"/>
      <connect from_op="Validation" from_port="model" to_port="result 1"/>
      <connect from_op="Validation" from_port="averagable 1" to_port="result 2"/>
      <portSpacing port="source_input 1" spacing="0"/>
      <portSpacing port="sink_result 1" spacing="0"/>
      <portSpacing port="sink_result 2" spacing="0"/>
      <portSpacing port="sink_result 3" spacing="0"/>
    </process>
  </operator>
</process>
