<?xml version="1.0" encoding="UTF-8"?><process version="10.1.002">
  <context>
    <input/>
    <output/>
    <macros/>
  </context>
  <operator activated="true" class="process" compatibility="10.1.002" expanded="true" name="Process">
    <parameter key="logverbosity" value="init"/>
    <parameter key="random_seed" value="2001"/>
    <parameter key="send_mail" value="never"/>
    <parameter key="notification_email" value=""/>
    <parameter key="process_duration_for_mail" value="30"/>
    <parameter key="encoding" value="SYSTEM"/>
    <process expanded="true">
      <operator activated="true" class="retrieve" compatibility="10.1.002" expanded="true" height="68" name="Retrieve movies" width="90" x="45" y="34">
        <parameter key="repository_entry" value="//Local Repository/data/movies"/>
      </operator>
      <operator activated="true" class="retrieve" compatibility="10.1.002" expanded="true" height="68" name="Retrieve ratings" width="90" x="45" y="136">
        <parameter key="repository_entry" value="../data/ratings"/>
      </operator>
      <operator activated="true" class="concurrency:join" compatibility="10.1.002" expanded="true" height="82" name="Join" width="90" x="246" y="85">
        <parameter key="remove_double_attributes" value="true"/>
        <parameter key="join_type" value="inner"/>
        <parameter key="use_id_attribute_as_key" value="false"/>
        <list key="key_attributes">
          <parameter key="movieId" value="movieId"/>
        </list>
        <parameter key="keep_both_join_attributes" value="false"/>
      </operator>
      <operator activated="true" class="set_role" compatibility="10.1.002" expanded="true" height="82" name="Set Role" width="90" x="380" y="85">
        <parameter key="attribute_name" value="movieId"/>
        <parameter key="target_role" value="item identification"/>
        <list key="set_additional_roles">
          <parameter key="userId" value="user identification"/>
          <parameter key="rating" value="label"/>
        </list>
      </operator>
      <operator activated="true" class="split_data" compatibility="10.1.002" expanded="true" height="103" name="Split Data" width="90" x="514" y="85">
        <enumeration key="partitions">
          <parameter key="ratio" value="0.9"/>
          <parameter key="ratio" value="0.1"/>
        </enumeration>
        <parameter key="sampling_type" value="automatic"/>
        <parameter key="use_local_random_seed" value="false"/>
        <parameter key="local_random_seed" value="1992"/>
      </operator>
      <operator activated="true" class="irbrecommender:user_item_baseline" compatibility="5.1.002" expanded="true" height="82" name="User Item Baseline" width="90" x="648" y="289">
        <parameter key="Min Rating" value="1"/>
        <parameter key="Range" value="4"/>
        <parameter key="num_iter" value="10"/>
        <parameter key="reg_u" value="15.0"/>
        <parameter key="reg_i" value="10.0"/>
      </operator>
      <operator activated="true" class="irbrecommender:apply_model_rp" compatibility="5.1.002" expanded="true" height="82" name="Apply Model (2)" width="90" x="849" y="238">
        <parameter key="Online updates" value="false"/>
      </operator>
      <operator activated="true" class="multiply" compatibility="10.1.002" expanded="true" height="103" name="Multiply" width="90" x="983" y="161"/>
      <operator activated="true" class="irbrecommender:performance_rating_prediction" compatibility="5.1.002" expanded="true" height="82" name="Performance" width="90" x="1117" y="85">
        <parameter key="Min Rating" value="1"/>
        <parameter key="Range" value="4"/>
      </operator>
      <connect from_op="Retrieve movies" from_port="output" to_op="Join" to_port="left"/>
      <connect from_op="Retrieve ratings" from_port="output" to_op="Join" to_port="right"/>
      <connect from_op="Join" from_port="join" to_op="Set Role" to_port="example set input"/>
      <connect from_op="Set Role" from_port="example set output" to_op="Split Data" to_port="example set"/>
      <connect from_op="Split Data" from_port="partition 1" to_op="User Item Baseline" to_port="example set"/>
      <connect from_op="Split Data" from_port="partition 2" to_op="Apply Model (2)" to_port="query set"/>
      <connect from_op="User Item Baseline" from_port="Model" to_op="Apply Model (2)" to_port="Model"/>
      <connect from_op="Apply Model (2)" from_port="result set" to_op="Multiply" to_port="input"/>
      <connect from_op="Multiply" from_port="output 1" to_op="Performance" to_port="predictions"/>
      <connect from_op="Multiply" from_port="output 2" to_port="result 2"/>
      <connect from_op="Performance" from_port="performance" to_port="result 1"/>
      <portSpacing port="source_input 1" spacing="0"/>
      <portSpacing port="sink_result 1" spacing="0"/>
      <portSpacing port="sink_result 2" spacing="0"/>
      <portSpacing port="sink_result 3" spacing="0"/>
    </process>
  </operator>
</process>
