<?xml version="1.0" encoding="UTF-8"?><process version="10.1.002">
  <context>
    <input/>
    <output/>
    <macros/>
  </context>
  <operator activated="true" class="process" compatibility="10.1.002" expanded="true" name="Process">
    <parameter key="logverbosity" value="init"/>
    <parameter key="random_seed" value="2001"/>
    <parameter key="send_mail" value="never"/>
    <parameter key="notification_email" value=""/>
    <parameter key="process_duration_for_mail" value="30"/>
    <parameter key="encoding" value="SYSTEM"/>
    <process expanded="true">
      <operator activated="true" class="retrieve" compatibility="10.1.002" expanded="true" height="68" name="Retrieve OnlineRetailDataset" width="90" x="45" y="34">
        <parameter key="repository_entry" value="//Local Repository/data/OnlineRetailDataset"/>
      </operator>
      <operator activated="true" class="aggregate" compatibility="10.1.002" expanded="true" height="82" name="Aggregate" width="90" x="179" y="34">
        <parameter key="use_default_aggregation" value="false"/>
        <parameter key="attribute_filter_type" value="all"/>
        <parameter key="attribute" value=""/>
        <parameter key="attributes" value=""/>
        <parameter key="use_except_expression" value="false"/>
        <parameter key="value_type" value="attribute_value"/>
        <parameter key="use_value_type_exception" value="false"/>
        <parameter key="except_value_type" value="time"/>
        <parameter key="block_type" value="attribute_block"/>
        <parameter key="use_block_type_exception" value="false"/>
        <parameter key="except_block_type" value="value_matrix_row_start"/>
        <parameter key="invert_selection" value="false"/>
        <parameter key="include_special_attributes" value="false"/>
        <parameter key="default_aggregation_function" value="average"/>
        <list key="aggregation_attributes">
          <parameter key="Description" value="concatenation"/>
        </list>
        <parameter key="group_by_attributes" value="Country"/>
        <parameter key="count_all_combinations" value="false"/>
        <parameter key="only_distinct" value="false"/>
        <parameter key="ignore_missings" value="true"/>
      </operator>
      <operator activated="true" class="blending:set_role" compatibility="10.1.002" expanded="true" height="82" name="Set Role" width="90" x="313" y="34">
        <list key="set_roles">
          <parameter key="Country" value="id"/>
        </list>
      </operator>
      <operator activated="true" class="concurrency:fp_growth" compatibility="10.1.002" expanded="true" height="82" name="FP-Growth" width="90" x="514" y="34">
        <parameter key="input_format" value="item list in a column"/>
        <parameter key="item_separators" value="|"/>
        <parameter key="use_quotes" value="false"/>
        <parameter key="quotes_character" value="&quot;"/>
        <parameter key="escape_character" value="\"/>
        <parameter key="trim_item_names" value="false"/>
        <parameter key="min_requirement" value="support"/>
        <parameter key="min_support" value="0.5"/>
        <parameter key="min_frequency" value="100"/>
        <parameter key="min_items_per_itemset" value="1"/>
        <parameter key="max_items_per_itemset" value="0"/>
        <parameter key="max_number_of_itemsets" value="1000000"/>
        <parameter key="find_min_number_of_itemsets" value="false"/>
        <parameter key="min_number_of_itemsets" value="100"/>
        <parameter key="max_number_of_retries" value="15"/>
        <parameter key="requirement_decrease_factor" value="0.9"/>
        <enumeration key="must_contain_list"/>
      </operator>
      <operator activated="true" class="create_association_rules" compatibility="10.1.002" expanded="true" height="82" name="Create Association Rules" width="90" x="715" y="34">
        <parameter key="criterion" value="confidence"/>
        <parameter key="min_confidence" value="0.9"/>
        <parameter key="min_criterion_value" value="0.8"/>
        <parameter key="gain_theta" value="2.0"/>
        <parameter key="laplace_k" value="1.0"/>
      </operator>
      <connect from_op="Retrieve OnlineRetailDataset" from_port="output" to_op="Aggregate" to_port="example set input"/>
      <connect from_op="Aggregate" from_port="example set output" to_op="Set Role" to_port="example set input"/>
      <connect from_op="Set Role" from_port="example set output" to_op="FP-Growth" to_port="example set"/>
      <connect from_op="FP-Growth" from_port="frequent sets" to_op="Create Association Rules" to_port="item sets"/>
      <connect from_op="Create Association Rules" from_port="rules" to_port="result 1"/>
      <portSpacing port="source_input 1" spacing="0"/>
      <portSpacing port="sink_result 1" spacing="0"/>
      <portSpacing port="sink_result 2" spacing="0"/>
    </process>
  </operator>
</process>
