{
    "@context": "https:\/\/schema.org",
    "@type": "Article",
    "name": "Suisse",
    "url": "https:\/\/fr.wikipedia.org\/wiki\/Suisse",
    "sameAs": "http:\/\/www.wikidata.org\/entity\/Q39",
    "mainEntity": "http:\/\/www.wikidata.org\/entity\/Q39",
    "author": {
        "@type": "Organization",
        "name": "Contributeurs aux projets Wikimedia"
    },
    "publisher": {
        "@type": "Organization",
        "name": "Fondation Wikimedia, Inc.",
        "logo": {
            "@type": "ImageObject",
            "url": "https:\/\/www.wikimedia.org\/static\/images\/wmf-hor-googpub.png"
        }
    },
    "datePublished": "2002-09-28T04:21:53Z",
    "dateModified": "2023-03-06T18:56:31Z",
    "image": "https:\/\/upload.wikimedia.org\/wikipedia\/commons\/6\/61\/Europe-Switzerland.svg",
    "headline": "pays d'Europe centrale"
}